{"357gr8.jpeg": [[[65.17086029052734, 212.73831176757812], [221.25216674804688, 191.59693908691406], [247.61825561523438, 220.28158569335938], [273.3293151855469, 220.56692504882812], [299.9334411621094, 221.29446411132812]], [[0.0, 0.0], [65.30501556396484, 221.34793090820312], [95.2301025390625, 221.39422607421875], [116.72502136230469, 212.34201049804688], [130.71287536621094, 220.72119140625], [143.3758087158203, 189.15228271484375], [152.484375, 201.2098388671875], [169.9353790283203, 192.13328552246094], [220.97283935546875, 149.6871337890625], [273.3293151855469, 220.56692504882812], [299.9334411621094, 221.29446411132812]], [[152.29537963867188, 183.7111358642578], [170.21734619140625, 160.16949462890625], [194.93270874023438, 209.31814575195312], [221.00685119628906, 220.15280151367188], [230.6868133544922, 208.98406982421875]], [[170.3618927001953, 72.59991455078125], [202.81753540039062, 196.34158325195312], [207.69683837890625, 204.88595581054688]]], "2707gr5.jpeg": [[[115.97723388671875, 189.60354614257812], [247.71365356445312, 140.1759033203125]], [[147.646728515625, 188.6347198486328], [313.9664001464844, 136.91033935546875]], [[0.0, 0.0], [181.97393798828125, 193.2996063232422], [247.60751342773438, 115.52720642089844], [313.85955810546875, 20.020675659179688]]]}